Total Nacional;Comunidades y Ciudades Autónomas;General, vivienda nueva y de segunda mano;Índices y tasas;Periodo;Total
Nacional;01 Andalucía;Vivienda nueva;Índice;2022T4;164,477
Nacional;01 Andalucía;Vivienda nueva;Índice;2022T3;158,385
Nacional;01 Andalucía;Vivienda nueva;Índice;2022T2;156,989
Nacional;01 Andalucía;Vivienda nueva;Índice;2022T1;156,363
Nacional;01 Andalucía;Vivienda nueva;Índice;2021T4;151,316
Nacional;01 Andalucía;Vivienda nueva;Índice;2021T3;148,697
Nacional;01 Andalucía;Vivienda nueva;Índice;2021T2;141,129
Nacional;01 Andalucía;Vivienda nueva;Índice;2021T1;138,982
Nacional;01 Andalucía;Vivienda nueva;Índice;2020T4;140,672
Nacional;01 Andalucía;Vivienda nueva;Índice;2020T3;138,942
Nacional;01 Andalucía;Vivienda nueva;Índice;2020T2;133,607
Nacional;01 Andalucía;Vivienda nueva;Índice;2020T1;130,880
Nacional;01 Andalucía;Vivienda nueva;Índice;2019T4;128,593
Nacional;01 Andalucía;Vivienda nueva;Índice;2019T3;131,319
Nacional;01 Andalucía;Vivienda nueva;Índice;2019T2;125,020
Nacional;01 Andalucía;Vivienda nueva;Índice;2019T1;121,873
Nacional;01 Andalucía;Vivienda nueva;Índice;2018T4;120,724
Nacional;01 Andalucía;Vivienda nueva;Índice;2018T3;120,063
Nacional;01 Andalucía;Vivienda nueva;Índice;2018T2;116,144
Nacional;01 Andalucía;Vivienda nueva;Índice;2018T1;113,862
Nacional;01 Andalucía;Vivienda nueva;Índice;2017T4;112,820
Nacional;01 Andalucía;Vivienda nueva;Índice;2017T3;112,577
Nacional;01 Andalucía;Vivienda nueva;Índice;2017T2;111,232
Nacional;01 Andalucía;Vivienda nueva;Índice;2017T1;109,118
Nacional;01 Andalucía;Vivienda segunda mano;Índice;2022T4;135,208
Nacional;01 Andalucía;Vivienda segunda mano;Índice;2022T3;136,586
Nacional;01 Andalucía;Vivienda segunda mano;Índice;2022T2;134,193
Nacional;01 Andalucía;Vivienda segunda mano;Índice;2022T1;130,414
Nacional;01 Andalucía;Vivienda segunda mano;Índice;2021T4;127,633
Nacional;01 Andalucía;Vivienda segunda mano;Índice;2021T3;125,653
Nacional;01 Andalucía;Vivienda segunda mano;Índice;2021T2;121,954
Nacional;01 Andalucía;Vivienda segunda mano;Índice;2021T1;117,998
Nacional;01 Andalucía;Vivienda segunda mano;Índice;2020T4;118,060
Nacional;01 Andalucía;Vivienda segunda mano;Índice;2020T3;118,623
Nacional;01 Andalucía;Vivienda segunda mano;Índice;2020T2;117,948
Nacional;01 Andalucía;Vivienda segunda mano;Índice;2020T1;118,103
Nacional;01 Andalucía;Vivienda segunda mano;Índice;2019T4;117,395
Nacional;01 Andalucía;Vivienda segunda mano;Índice;2019T3;117,968
Nacional;01 Andalucía;Vivienda segunda mano;Índice;2019T2;115,883
Nacional;01 Andalucía;Vivienda segunda mano;Índice;2019T1;113,854
Nacional;01 Andalucía;Vivienda segunda mano;Índice;2018T4;113,010
Nacional;01 Andalucía;Vivienda segunda mano;Índice;2018T3;111,808
Nacional;01 Andalucía;Vivienda segunda mano;Índice;2018T2;110,011
Nacional;01 Andalucía;Vivienda segunda mano;Índice;2018T1;107,590
Nacional;01 Andalucía;Vivienda segunda mano;Índice;2017T4;107,119
Nacional;01 Andalucía;Vivienda segunda mano;Índice;2017T3;106,209
Nacional;01 Andalucía;Vivienda segunda mano;Índice;2017T2;104,984
Nacional;01 Andalucía;Vivienda segunda mano;Índice;2017T1;103,411
Nacional;02 Aragón;Vivienda nueva;Índice;2022T4;138,293
Nacional;02 Aragón;Vivienda nueva;Índice;2022T3;137,409
Nacional;02 Aragón;Vivienda nueva;Índice;2022T2;134,404
Nacional;02 Aragón;Vivienda nueva;Índice;2022T1;135,751
Nacional;02 Aragón;Vivienda nueva;Índice;2021T4;131,674
Nacional;02 Aragón;Vivienda nueva;Índice;2021T3;130,261
Nacional;02 Aragón;Vivienda nueva;Índice;2021T2;122,963
Nacional;02 Aragón;Vivienda nueva;Índice;2021T1;122,415
Nacional;02 Aragón;Vivienda nueva;Índice;2020T4;122,344
Nacional;02 Aragón;Vivienda nueva;Índice;2020T3;125,993
Nacional;02 Aragón;Vivienda nueva;Índice;2020T2;120,550
Nacional;02 Aragón;Vivienda nueva;Índice;2020T1;122,569
Nacional;02 Aragón;Vivienda nueva;Índice;2019T4;118,626
Nacional;02 Aragón;Vivienda nueva;Índice;2019T3;117,825
Nacional;02 Aragón;Vivienda nueva;Índice;2019T2;118,718
Nacional;02 Aragón;Vivienda nueva;Índice;2019T1;117,297
Nacional;02 Aragón;Vivienda nueva;Índice;2018T4;112,875
Nacional;02 Aragón;Vivienda nueva;Índice;2018T3;112,076
Nacional;02 Aragón;Vivienda nueva;Índice;2018T2;108,304
Nacional;02 Aragón;Vivienda nueva;Índice;2018T1;108,278
Nacional;02 Aragón;Vivienda nueva;Índice;2017T4;105,046
Nacional;02 Aragón;Vivienda nueva;Índice;2017T3;108,509
Nacional;02 Aragón;Vivienda nueva;Índice;2017T2;108,107
Nacional;02 Aragón;Vivienda nueva;Índice;2017T1;108,157
Nacional;02 Aragón;Vivienda segunda mano;Índice;2022T4;130,717
Nacional;02 Aragón;Vivienda segunda mano;Índice;2022T3;132,253
Nacional;02 Aragón;Vivienda segunda mano;Índice;2022T2;131,268
Nacional;02 Aragón;Vivienda segunda mano;Índice;2022T1;128,499
Nacional;02 Aragón;Vivienda segunda mano;Índice;2021T4;125,611
Nacional;02 Aragón;Vivienda segunda mano;Índice;2021T3;124,307
Nacional;02 Aragón;Vivienda segunda mano;Índice;2021T2;122,725
Nacional;02 Aragón;Vivienda segunda mano;Índice;2021T1;120,421
Nacional;02 Aragón;Vivienda segunda mano;Índice;2020T4;118,595
Nacional;02 Aragón;Vivienda segunda mano;Índice;2020T3;118,673
Nacional;02 Aragón;Vivienda segunda mano;Índice;2020T2;119,541
Nacional;02 Aragón;Vivienda segunda mano;Índice;2020T1;117,456
Nacional;02 Aragón;Vivienda segunda mano;Índice;2019T4;117,994
Nacional;02 Aragón;Vivienda segunda mano;Índice;2019T3;117,221
Nacional;02 Aragón;Vivienda segunda mano;Índice;2019T2;115,566
Nacional;02 Aragón;Vivienda segunda mano;Índice;2019T1;113,638
Nacional;02 Aragón;Vivienda segunda mano;Índice;2018T4;111,735
Nacional;02 Aragón;Vivienda segunda mano;Índice;2018T3;110,663
Nacional;02 Aragón;Vivienda segunda mano;Índice;2018T2;109,117
Nacional;02 Aragón;Vivienda segunda mano;Índice;2018T1;107,318
Nacional;02 Aragón;Vivienda segunda mano;Índice;2017T4;105,523
Nacional;02 Aragón;Vivienda segunda mano;Índice;2017T3;104,552
Nacional;02 Aragón;Vivienda segunda mano;Índice;2017T2;103,521
Nacional;02 Aragón;Vivienda segunda mano;Índice;2017T1;103,563
Nacional;03 Asturias, Principado de;Vivienda nueva;Índice;2022T4;140,475
Nacional;03 Asturias, Principado de;Vivienda nueva;Índice;2022T3;139,186
Nacional;03 Asturias, Principado de;Vivienda nueva;Índice;2022T2;137,447
Nacional;03 Asturias, Principado de;Vivienda nueva;Índice;2022T1;135,082
Nacional;03 Asturias, Principado de;Vivienda nueva;Índice;2021T4;130,903
Nacional;03 Asturias, Principado de;Vivienda nueva;Índice;2021T3;129,998
Nacional;03 Asturias, Principado de;Vivienda nueva;Índice;2021T2;128,636
Nacional;03 Asturias, Principado de;Vivienda nueva;Índice;2021T1;126,470
Nacional;03 Asturias, Principado de;Vivienda nueva;Índice;2020T4;125,824
Nacional;03 Asturias, Principado de;Vivienda nueva;Índice;2020T3;129,598
Nacional;03 Asturias, Principado de;Vivienda nueva;Índice;2020T2;123,558
Nacional;03 Asturias, Principado de;Vivienda nueva;Índice;2020T1;123,472
Nacional;03 Asturias, Principado de;Vivienda nueva;Índice;2019T4;119,986
Nacional;03 Asturias, Principado de;Vivienda nueva;Índice;2019T3;117,623
Nacional;03 Asturias, Principado de;Vivienda nueva;Índice;2019T2;118,222
Nacional;03 Asturias, Principado de;Vivienda nueva;Índice;2019T1;116,203
Nacional;03 Asturias, Principado de;Vivienda nueva;Índice;2018T4;116,173
Nacional;03 Asturias, Principado de;Vivienda nueva;Índice;2018T3;111,765
Nacional;03 Asturias, Principado de;Vivienda nueva;Índice;2018T2;109,144
Nacional;03 Asturias, Principado de;Vivienda nueva;Índice;2018T1;108,447
Nacional;03 Asturias, Principado de;Vivienda nueva;Índice;2017T4;106,864
Nacional;03 Asturias, Principado de;Vivienda nueva;Índice;2017T3;106,662
Nacional;03 Asturias, Principado de;Vivienda nueva;Índice;2017T2;104,286
Nacional;03 Asturias, Principado de;Vivienda nueva;Índice;2017T1;104,732
Nacional;03 Asturias, Principado de;Vivienda segunda mano;Índice;2022T4;124,963
Nacional;03 Asturias, Principado de;Vivienda segunda mano;Índice;2022T3;125,782
Nacional;03 Asturias, Principado de;Vivienda segunda mano;Índice;2022T2;125,191
Nacional;03 Asturias, Principado de;Vivienda segunda mano;Índice;2022T1;122,005
Nacional;03 Asturias, Principado de;Vivienda segunda mano;Índice;2021T4;120,030
Nacional;03 Asturias, Principado de;Vivienda segunda mano;Índice;2021T3;118,359
Nacional;03 Asturias, Principado de;Vivienda segunda mano;Índice;2021T2;117,505
Nacional;03 Asturias, Principado de;Vivienda segunda mano;Índice;2021T1;113,674
Nacional;03 Asturias, Principado de;Vivienda segunda mano;Índice;2020T4;112,672
Nacional;03 Asturias, Principado de;Vivienda segunda mano;Índice;2020T3;112,420
Nacional;03 Asturias, Principado de;Vivienda segunda mano;Índice;2020T2;113,380
Nacional;03 Asturias, Principado de;Vivienda segunda mano;Índice;2020T1;111,274
Nacional;03 Asturias, Principado de;Vivienda segunda mano;Índice;2019T4;111,059
Nacional;03 Asturias, Principado de;Vivienda segunda mano;Índice;2019T3;110,528
Nacional;03 Asturias, Principado de;Vivienda segunda mano;Índice;2019T2;109,312
Nacional;03 Asturias, Principado de;Vivienda segunda mano;Índice;2019T1;106,872
Nacional;03 Asturias, Principado de;Vivienda segunda mano;Índice;2018T4;106,324
Nacional;03 Asturias, Principado de;Vivienda segunda mano;Índice;2018T3;106,987
Nacional;03 Asturias, Principado de;Vivienda segunda mano;Índice;2018T2;104,435
Nacional;03 Asturias, Principado de;Vivienda segunda mano;Índice;2018T1;103,446
Nacional;03 Asturias, Principado de;Vivienda segunda mano;Índice;2017T4;103,627
Nacional;03 Asturias, Principado de;Vivienda segunda mano;Índice;2017T3;102,550
Nacional;03 Asturias, Principado de;Vivienda segunda mano;Índice;2017T2;100,399
Nacional;03 Asturias, Principado de;Vivienda segunda mano;Índice;2017T1;101,461
Nacional;04 Balears, Illes;Vivienda nueva;Índice;2022T4;171,050
Nacional;04 Balears, Illes;Vivienda nueva;Índice;2022T3;169,497
Nacional;04 Balears, Illes;Vivienda nueva;Índice;2022T2;166,714
Nacional;04 Balears, Illes;Vivienda nueva;Índice;2022T1;164,502
Nacional;04 Balears, Illes;Vivienda nueva;Índice;2021T4;160,667
Nacional;04 Balears, Illes;Vivienda nueva;Índice;2021T3;155,844
Nacional;04 Balears, Illes;Vivienda nueva;Índice;2021T2;147,838
Nacional;04 Balears, Illes;Vivienda nueva;Índice;2021T1;147,196
Nacional;04 Balears, Illes;Vivienda nueva;Índice;2020T4;150,176
Nacional;04 Balears, Illes;Vivienda nueva;Índice;2020T3;145,381
Nacional;04 Balears, Illes;Vivienda nueva;Índice;2020T2;134,967
Nacional;04 Balears, Illes;Vivienda nueva;Índice;2020T1;139,228
Nacional;04 Balears, Illes;Vivienda nueva;Índice;2019T4;134,602
Nacional;04 Balears, Illes;Vivienda nueva;Índice;2019T3;130,300
Nacional;04 Balears, Illes;Vivienda nueva;Índice;2019T2;124,378
Nacional;04 Balears, Illes;Vivienda nueva;Índice;2019T1;126,037
Nacional;04 Balears, Illes;Vivienda nueva;Índice;2018T4;123,082
Nacional;04 Balears, Illes;Vivienda nueva;Índice;2018T3;120,144
Nacional;04 Balears, Illes;Vivienda nueva;Índice;2018T2;119,979
Nacional;04 Balears, Illes;Vivienda nueva;Índice;2018T1;114,629
Nacional;04 Balears, Illes;Vivienda nueva;Índice;2017T4;115,688
Nacional;04 Balears, Illes;Vivienda nueva;Índice;2017T3;115,567
Nacional;04 Balears, Illes;Vivienda nueva;Índice;2017T2;109,992
Nacional;04 Balears, Illes;Vivienda nueva;Índice;2017T1;106,956
Nacional;04 Balears, Illes;Vivienda segunda mano;Índice;2022T4;157,555
Nacional;04 Balears, Illes;Vivienda segunda mano;Índice;2022T3;159,784
Nacional;04 Balears, Illes;Vivienda segunda mano;Índice;2022T2;156,728
Nacional;04 Balears, Illes;Vivienda segunda mano;Índice;2022T1;151,957
Nacional;04 Balears, Illes;Vivienda segunda mano;Índice;2021T4;148,860
Nacional;04 Balears, Illes;Vivienda segunda mano;Índice;2021T3;147,524
Nacional;04 Balears, Illes;Vivienda segunda mano;Índice;2021T2;141,610
Nacional;04 Balears, Illes;Vivienda segunda mano;Índice;2021T1;135,638
Nacional;04 Balears, Illes;Vivienda segunda mano;Índice;2020T4;135,462
Nacional;04 Balears, Illes;Vivienda segunda mano;Índice;2020T3;138,026
Nacional;04 Balears, Illes;Vivienda segunda mano;Índice;2020T2;134,162
Nacional;04 Balears, Illes;Vivienda segunda mano;Índice;2020T1;134,537
Nacional;04 Balears, Illes;Vivienda segunda mano;Índice;2019T4;133,194
Nacional;04 Balears, Illes;Vivienda segunda mano;Índice;2019T3;134,372
Nacional;04 Balears, Illes;Vivienda segunda mano;Índice;2019T2;128,640
Nacional;04 Balears, Illes;Vivienda segunda mano;Índice;2019T1;127,397
Nacional;04 Balears, Illes;Vivienda segunda mano;Índice;2018T4;126,579
Nacional;04 Balears, Illes;Vivienda segunda mano;Índice;2018T3;126,955
Nacional;04 Balears, Illes;Vivienda segunda mano;Índice;2018T2;122,071
Nacional;04 Balears, Illes;Vivienda segunda mano;Índice;2018T1;118,933
Nacional;04 Balears, Illes;Vivienda segunda mano;Índice;2017T4;119,016
Nacional;04 Balears, Illes;Vivienda segunda mano;Índice;2017T3;118,329
Nacional;04 Balears, Illes;Vivienda segunda mano;Índice;2017T2;112,648
Nacional;04 Balears, Illes;Vivienda segunda mano;Índice;2017T1;109,865
Nacional;05 Canarias;Vivienda nueva;Índice;2022T4;154,026
Nacional;05 Canarias;Vivienda nueva;Índice;2022T3;149,385
Nacional;05 Canarias;Vivienda nueva;Índice;2022T2;144,907
Nacional;05 Canarias;Vivienda nueva;Índice;2022T1;146,819
Nacional;05 Canarias;Vivienda nueva;Índice;2021T4;138,677
Nacional;05 Canarias;Vivienda nueva;Índice;2021T3;138,129
Nacional;05 Canarias;Vivienda nueva;Índice;2021T2;135,717
Nacional;05 Canarias;Vivienda nueva;Índice;2021T1;130,688
Nacional;05 Canarias;Vivienda nueva;Índice;2020T4;129,426
Nacional;05 Canarias;Vivienda nueva;Índice;2020T3;134,827
Nacional;05 Canarias;Vivienda nueva;Índice;2020T2;127,406
Nacional;05 Canarias;Vivienda nueva;Índice;2020T1;126,803
Nacional;05 Canarias;Vivienda nueva;Índice;2019T4;122,894
Nacional;05 Canarias;Vivienda nueva;Índice;2019T3;122,229
Nacional;05 Canarias;Vivienda nueva;Índice;2019T2;121,511
Nacional;05 Canarias;Vivienda nueva;Índice;2019T1;124,122
Nacional;05 Canarias;Vivienda nueva;Índice;2018T4;120,384
Nacional;05 Canarias;Vivienda nueva;Índice;2018T3;116,468
Nacional;05 Canarias;Vivienda nueva;Índice;2018T2;115,259
Nacional;05 Canarias;Vivienda nueva;Índice;2018T1;114,054
Nacional;05 Canarias;Vivienda nueva;Índice;2017T4;113,712
Nacional;05 Canarias;Vivienda nueva;Índice;2017T3;111,348
Nacional;05 Canarias;Vivienda nueva;Índice;2017T2;110,658
Nacional;05 Canarias;Vivienda nueva;Índice;2017T1;110,168
Nacional;05 Canarias;Vivienda segunda mano;Índice;2022T4;137,805
Nacional;05 Canarias;Vivienda segunda mano;Índice;2022T3;137,433
Nacional;05 Canarias;Vivienda segunda mano;Índice;2022T2;136,306
Nacional;05 Canarias;Vivienda segunda mano;Índice;2022T1;133,225
Nacional;05 Canarias;Vivienda segunda mano;Índice;2021T4;127,730
Nacional;05 Canarias;Vivienda segunda mano;Índice;2021T3;127,202
Nacional;05 Canarias;Vivienda segunda mano;Índice;2021T2;124,286
Nacional;05 Canarias;Vivienda segunda mano;Índice;2021T1;120,288
Nacional;05 Canarias;Vivienda segunda mano;Índice;2020T4;118,412
Nacional;05 Canarias;Vivienda segunda mano;Índice;2020T3;118,505
Nacional;05 Canarias;Vivienda segunda mano;Índice;2020T2;116,827
Nacional;05 Canarias;Vivienda segunda mano;Índice;2020T1;118,261
Nacional;05 Canarias;Vivienda segunda mano;Índice;2019T4;117,839
Nacional;05 Canarias;Vivienda segunda mano;Índice;2019T3;117,626
Nacional;05 Canarias;Vivienda segunda mano;Índice;2019T2;116,472
Nacional;05 Canarias;Vivienda segunda mano;Índice;2019T1;116,214
Nacional;05 Canarias;Vivienda segunda mano;Índice;2018T4;114,256
Nacional;05 Canarias;Vivienda segunda mano;Índice;2018T3;113,418
Nacional;05 Canarias;Vivienda segunda mano;Índice;2018T2;113,035
Nacional;05 Canarias;Vivienda segunda mano;Índice;2018T1;110,802
Nacional;05 Canarias;Vivienda segunda mano;Índice;2017T4;109,861
Nacional;05 Canarias;Vivienda segunda mano;Índice;2017T3;107,578
Nacional;05 Canarias;Vivienda segunda mano;Índice;2017T2;106,544
Nacional;05 Canarias;Vivienda segunda mano;Índice;2017T1;105,895
Nacional;06 Cantabria;Vivienda nueva;Índice;2022T4;145,190
Nacional;06 Cantabria;Vivienda nueva;Índice;2022T3;140,495
Nacional;06 Cantabria;Vivienda nueva;Índice;2022T2;136,238
Nacional;06 Cantabria;Vivienda nueva;Índice;2022T1;137,930
Nacional;06 Cantabria;Vivienda nueva;Índice;2021T4;131,310
Nacional;06 Cantabria;Vivienda nueva;Índice;2021T3;130,265
Nacional;06 Cantabria;Vivienda nueva;Índice;2021T2;127,052
Nacional;06 Cantabria;Vivienda nueva;Índice;2021T1;123,809
Nacional;06 Cantabria;Vivienda nueva;Índice;2020T4;123,493
Nacional;06 Cantabria;Vivienda nueva;Índice;2020T3;126,750
Nacional;06 Cantabria;Vivienda nueva;Índice;2020T2;121,801
Nacional;06 Cantabria;Vivienda nueva;Índice;2020T1;118,526
Nacional;06 Cantabria;Vivienda nueva;Índice;2019T4;114,499
Nacional;06 Cantabria;Vivienda nueva;Índice;2019T3;115,355
Nacional;06 Cantabria;Vivienda nueva;Índice;2019T2;115,005
Nacional;06 Cantabria;Vivienda nueva;Índice;2019T1;119,627
Nacional;06 Cantabria;Vivienda nueva;Índice;2018T4;112,713
Nacional;06 Cantabria;Vivienda nueva;Índice;2018T3;112,999
Nacional;06 Cantabria;Vivienda nueva;Índice;2018T2;109,873
Nacional;06 Cantabria;Vivienda nueva;Índice;2018T1;107,029
Nacional;06 Cantabria;Vivienda nueva;Índice;2017T4;106,205
Nacional;06 Cantabria;Vivienda nueva;Índice;2017T3;108,379
Nacional;06 Cantabria;Vivienda nueva;Índice;2017T2;107,957
Nacional;06 Cantabria;Vivienda nueva;Índice;2017T1;104,218
Nacional;06 Cantabria;Vivienda segunda mano;Índice;2022T4;137,641
Nacional;06 Cantabria;Vivienda segunda mano;Índice;2022T3;137,857
Nacional;06 Cantabria;Vivienda segunda mano;Índice;2022T2;136,031
Nacional;06 Cantabria;Vivienda segunda mano;Índice;2022T1;132,120
Nacional;06 Cantabria;Vivienda segunda mano;Índice;2021T4;127,087
Nacional;06 Cantabria;Vivienda segunda mano;Índice;2021T3;125,844
Nacional;06 Cantabria;Vivienda segunda mano;Índice;2021T2;123,319
Nacional;06 Cantabria;Vivienda segunda mano;Índice;2021T1;119,102
Nacional;06 Cantabria;Vivienda segunda mano;Índice;2020T4;117,742
Nacional;06 Cantabria;Vivienda segunda mano;Índice;2020T3;116,994
Nacional;06 Cantabria;Vivienda segunda mano;Índice;2020T2;116,885
Nacional;06 Cantabria;Vivienda segunda mano;Índice;2020T1;117,124
Nacional;06 Cantabria;Vivienda segunda mano;Índice;2019T4;117,494
Nacional;06 Cantabria;Vivienda segunda mano;Índice;2019T3;116,857
Nacional;06 Cantabria;Vivienda segunda mano;Índice;2019T2;116,183
Nacional;06 Cantabria;Vivienda segunda mano;Índice;2019T1;115,636
Nacional;06 Cantabria;Vivienda segunda mano;Índice;2018T4;114,927
Nacional;06 Cantabria;Vivienda segunda mano;Índice;2018T3;114,097
Nacional;06 Cantabria;Vivienda segunda mano;Índice;2018T2;114,077
Nacional;06 Cantabria;Vivienda segunda mano;Índice;2018T1;110,367
Nacional;06 Cantabria;Vivienda segunda mano;Índice;2017T4;108,160
Nacional;06 Cantabria;Vivienda segunda mano;Índice;2017T3;107,692
Nacional;06 Cantabria;Vivienda segunda mano;Índice;2017T2;107,106
Nacional;06 Cantabria;Vivienda segunda mano;Índice;2017T1;103,847
Nacional;07 Castilla y León;Vivienda nueva;Índice;2022T4;146,342
Nacional;07 Castilla y León;Vivienda nueva;Índice;2022T3;142,332
Nacional;07 Castilla y León;Vivienda nueva;Índice;2022T2;141,187
Nacional;07 Castilla y León;Vivienda nueva;Índice;2022T1;140,370
Nacional;07 Castilla y León;Vivienda nueva;Índice;2021T4;137,652
Nacional;07 Castilla y León;Vivienda nueva;Índice;2021T3;136,618
Nacional;07 Castilla y León;Vivienda nueva;Índice;2021T2;131,865
Nacional;07 Castilla y León;Vivienda nueva;Índice;2021T1;128,779
Nacional;07 Castilla y León;Vivienda nueva;Índice;2020T4;130,229
Nacional;07 Castilla y León;Vivienda nueva;Índice;2020T3;132,352
Nacional;07 Castilla y León;Vivienda nueva;Índice;2020T2;126,722
Nacional;07 Castilla y León;Vivienda nueva;Índice;2020T1;125,389
Nacional;07 Castilla y León;Vivienda nueva;Índice;2019T4;124,933
Nacional;07 Castilla y León;Vivienda nueva;Índice;2019T3;121,223
Nacional;07 Castilla y León;Vivienda nueva;Índice;2019T2;122,571
Nacional;07 Castilla y León;Vivienda nueva;Índice;2019T1;118,837
Nacional;07 Castilla y León;Vivienda nueva;Índice;2018T4;113,930
Nacional;07 Castilla y León;Vivienda nueva;Índice;2018T3;114,366
Nacional;07 Castilla y León;Vivienda nueva;Índice;2018T2;111,563
Nacional;07 Castilla y León;Vivienda nueva;Índice;2018T1;109,817
Nacional;07 Castilla y León;Vivienda nueva;Índice;2017T4;104,982
Nacional;07 Castilla y León;Vivienda nueva;Índice;2017T3;104,284
Nacional;07 Castilla y León;Vivienda nueva;Índice;2017T2;105,022
Nacional;07 Castilla y León;Vivienda nueva;Índice;2017T1;104,923
Nacional;07 Castilla y León;Vivienda segunda mano;Índice;2022T4;123,577
Nacional;07 Castilla y León;Vivienda segunda mano;Índice;2022T3;126,226
Nacional;07 Castilla y León;Vivienda segunda mano;Índice;2022T2;124,212
Nacional;07 Castilla y León;Vivienda segunda mano;Índice;2022T1;121,348
Nacional;07 Castilla y León;Vivienda segunda mano;Índice;2021T4;119,239
Nacional;07 Castilla y León;Vivienda segunda mano;Índice;2021T3;117,964
Nacional;07 Castilla y León;Vivienda segunda mano;Índice;2021T2;116,823
Nacional;07 Castilla y León;Vivienda segunda mano;Índice;2021T1;113,469
Nacional;07 Castilla y León;Vivienda segunda mano;Índice;2020T4;113,209
Nacional;07 Castilla y León;Vivienda segunda mano;Índice;2020T3;113,032
Nacional;07 Castilla y León;Vivienda segunda mano;Índice;2020T2;114,037
Nacional;07 Castilla y León;Vivienda segunda mano;Índice;2020T1;111,339
Nacional;07 Castilla y León;Vivienda segunda mano;Índice;2019T4;112,178
Nacional;07 Castilla y León;Vivienda segunda mano;Índice;2019T3;111,590
Nacional;07 Castilla y León;Vivienda segunda mano;Índice;2019T2;110,823
Nacional;07 Castilla y León;Vivienda segunda mano;Índice;2019T1;108,540
Nacional;07 Castilla y León;Vivienda segunda mano;Índice;2018T4;107,454
Nacional;07 Castilla y León;Vivienda segunda mano;Índice;2018T3;107,486
Nacional;07 Castilla y León;Vivienda segunda mano;Índice;2018T2;105,802
Nacional;07 Castilla y León;Vivienda segunda mano;Índice;2018T1;103,837
Nacional;07 Castilla y León;Vivienda segunda mano;Índice;2017T4;103,070
Nacional;07 Castilla y León;Vivienda segunda mano;Índice;2017T3;102,178
Nacional;07 Castilla y León;Vivienda segunda mano;Índice;2017T2;102,251
Nacional;07 Castilla y León;Vivienda segunda mano;Índice;2017T1;101,917
Nacional;08 Castilla - La Mancha;Vivienda nueva;Índice;2022T4;142,065
Nacional;08 Castilla - La Mancha;Vivienda nueva;Índice;2022T3;137,312
Nacional;08 Castilla - La Mancha;Vivienda nueva;Índice;2022T2;137,162
Nacional;08 Castilla - La Mancha;Vivienda nueva;Índice;2022T1;136,259
Nacional;08 Castilla - La Mancha;Vivienda nueva;Índice;2021T4;133,327
Nacional;08 Castilla - La Mancha;Vivienda nueva;Índice;2021T3;131,663
Nacional;08 Castilla - La Mancha;Vivienda nueva;Índice;2021T2;129,535
Nacional;08 Castilla - La Mancha;Vivienda nueva;Índice;2021T1;125,520
Nacional;08 Castilla - La Mancha;Vivienda nueva;Índice;2020T4;127,011
Nacional;08 Castilla - La Mancha;Vivienda nueva;Índice;2020T3;131,019
Nacional;08 Castilla - La Mancha;Vivienda nueva;Índice;2020T2;127,386
Nacional;08 Castilla - La Mancha;Vivienda nueva;Índice;2020T1;128,217
Nacional;08 Castilla - La Mancha;Vivienda nueva;Índice;2019T4;127,790
Nacional;08 Castilla - La Mancha;Vivienda nueva;Índice;2019T3;126,172
Nacional;08 Castilla - La Mancha;Vivienda nueva;Índice;2019T2;125,311
Nacional;08 Castilla - La Mancha;Vivienda nueva;Índice;2019T1;124,200
Nacional;08 Castilla - La Mancha;Vivienda nueva;Índice;2018T4;116,361
Nacional;08 Castilla - La Mancha;Vivienda nueva;Índice;2018T3;116,253
Nacional;08 Castilla - La Mancha;Vivienda nueva;Índice;2018T2;112,325
Nacional;08 Castilla - La Mancha;Vivienda nueva;Índice;2018T1;111,411
Nacional;08 Castilla - La Mancha;Vivienda nueva;Índice;2017T4;105,674
Nacional;08 Castilla - La Mancha;Vivienda nueva;Índice;2017T3;106,805
Nacional;08 Castilla - La Mancha;Vivienda nueva;Índice;2017T2;107,503
Nacional;08 Castilla - La Mancha;Vivienda nueva;Índice;2017T1;107,164
Nacional;08 Castilla - La Mancha;Vivienda segunda mano;Índice;2022T4;114,214
Nacional;08 Castilla - La Mancha;Vivienda segunda mano;Índice;2022T3;117,158
Nacional;08 Castilla - La Mancha;Vivienda segunda mano;Índice;2022T2;115,121
Nacional;08 Castilla - La Mancha;Vivienda segunda mano;Índice;2022T1;111,904
Nacional;08 Castilla - La Mancha;Vivienda segunda mano;Índice;2021T4;110,319
Nacional;08 Castilla - La Mancha;Vivienda segunda mano;Índice;2021T3;109,467
Nacional;08 Castilla - La Mancha;Vivienda segunda mano;Índice;2021T2;108,535
Nacional;08 Castilla - La Mancha;Vivienda segunda mano;Índice;2021T1;104,727
Nacional;08 Castilla - La Mancha;Vivienda segunda mano;Índice;2020T4;106,271
Nacional;08 Castilla - La Mancha;Vivienda segunda mano;Índice;2020T3;105,805
Nacional;08 Castilla - La Mancha;Vivienda segunda mano;Índice;2020T2;105,882
Nacional;08 Castilla - La Mancha;Vivienda segunda mano;Índice;2020T1;103,977
Nacional;08 Castilla - La Mancha;Vivienda segunda mano;Índice;2019T4;104,674
Nacional;08 Castilla - La Mancha;Vivienda segunda mano;Índice;2019T3;104,840
Nacional;08 Castilla - La Mancha;Vivienda segunda mano;Índice;2019T2;104,304
Nacional;08 Castilla - La Mancha;Vivienda segunda mano;Índice;2019T1;103,348
Nacional;08 Castilla - La Mancha;Vivienda segunda mano;Índice;2018T4;102,840
Nacional;08 Castilla - La Mancha;Vivienda segunda mano;Índice;2018T3;102,678
Nacional;08 Castilla - La Mancha;Vivienda segunda mano;Índice;2018T2;101,737
Nacional;08 Castilla - La Mancha;Vivienda segunda mano;Índice;2018T1;100,534
Nacional;08 Castilla - La Mancha;Vivienda segunda mano;Índice;2017T4;99,810
Nacional;08 Castilla - La Mancha;Vivienda segunda mano;Índice;2017T3;100,446
Nacional;08 Castilla - La Mancha;Vivienda segunda mano;Índice;2017T2;100,770
Nacional;08 Castilla - La Mancha;Vivienda segunda mano;Índice;2017T1;100,426
Nacional;09 Cataluña;Vivienda nueva;Índice;2022T4;167,994
Nacional;09 Cataluña;Vivienda nueva;Índice;2022T3;165,509
Nacional;09 Cataluña;Vivienda nueva;Índice;2022T2;163,891
Nacional;09 Cataluña;Vivienda nueva;Índice;2022T1;162,982
Nacional;09 Cataluña;Vivienda nueva;Índice;2021T4;158,624
Nacional;09 Cataluña;Vivienda nueva;Índice;2021T3;153,136
Nacional;09 Cataluña;Vivienda nueva;Índice;2021T2;152,409
Nacional;09 Cataluña;Vivienda nueva;Índice;2021T1;149,613
Nacional;09 Cataluña;Vivienda nueva;Índice;2020T4;151,748
Nacional;09 Cataluña;Vivienda nueva;Índice;2020T3;150,374
Nacional;09 Cataluña;Vivienda nueva;Índice;2020T2;143,046
Nacional;09 Cataluña;Vivienda nueva;Índice;2020T1;145,680
Nacional;09 Cataluña;Vivienda nueva;Índice;2019T4;137,426
Nacional;09 Cataluña;Vivienda nueva;Índice;2019T3;137,372
Nacional;09 Cataluña;Vivienda nueva;Índice;2019T2;133,465
Nacional;09 Cataluña;Vivienda nueva;Índice;2019T1;135,929
Nacional;09 Cataluña;Vivienda nueva;Índice;2018T4;131,023
Nacional;09 Cataluña;Vivienda nueva;Índice;2018T3;128,878
Nacional;09 Cataluña;Vivienda nueva;Índice;2018T2;127,252
Nacional;09 Cataluña;Vivienda nueva;Índice;2018T1;121,523
Nacional;09 Cataluña;Vivienda nueva;Índice;2017T4;119,185
Nacional;09 Cataluña;Vivienda nueva;Índice;2017T3;119,680
Nacional;09 Cataluña;Vivienda nueva;Índice;2017T2;116,976
Nacional;09 Cataluña;Vivienda nueva;Índice;2017T1;112,595
Nacional;09 Cataluña;Vivienda segunda mano;Índice;2022T4;151,104
Nacional;09 Cataluña;Vivienda segunda mano;Índice;2022T3;153,550
Nacional;09 Cataluña;Vivienda segunda mano;Índice;2022T2;150,106
Nacional;09 Cataluña;Vivienda segunda mano;Índice;2022T1;146,818
Nacional;09 Cataluña;Vivienda segunda mano;Índice;2021T4;143,362
Nacional;09 Cataluña;Vivienda segunda mano;Índice;2021T3;142,013
Nacional;09 Cataluña;Vivienda segunda mano;Índice;2021T2;140,067
Nacional;09 Cataluña;Vivienda segunda mano;Índice;2021T1;136,518
Nacional;09 Cataluña;Vivienda segunda mano;Índice;2020T4;134,885
Nacional;09 Cataluña;Vivienda segunda mano;Índice;2020T3;137,171
Nacional;09 Cataluña;Vivienda segunda mano;Índice;2020T2;136,067
Nacional;09 Cataluña;Vivienda segunda mano;Índice;2020T1;135,042
Nacional;09 Cataluña;Vivienda segunda mano;Índice;2019T4;134,915
Nacional;09 Cataluña;Vivienda segunda mano;Índice;2019T3;135,933
Nacional;09 Cataluña;Vivienda segunda mano;Índice;2019T2;133,624
Nacional;09 Cataluña;Vivienda segunda mano;Índice;2019T1;131,468
Nacional;09 Cataluña;Vivienda segunda mano;Índice;2018T4;130,700
Nacional;09 Cataluña;Vivienda segunda mano;Índice;2018T3;130,076
Nacional;09 Cataluña;Vivienda segunda mano;Índice;2018T2;127,000
Nacional;09 Cataluña;Vivienda segunda mano;Índice;2018T1;122,614
Nacional;09 Cataluña;Vivienda segunda mano;Índice;2017T4;121,016
Nacional;09 Cataluña;Vivienda segunda mano;Índice;2017T3;119,130
Nacional;09 Cataluña;Vivienda segunda mano;Índice;2017T2;116,101
Nacional;09 Cataluña;Vivienda segunda mano;Índice;2017T1;112,878
Nacional;10 Comunitat Valenciana;Vivienda nueva;Índice;2022T4;150,293
Nacional;10 Comunitat Valenciana;Vivienda nueva;Índice;2022T3;147,057
Nacional;10 Comunitat Valenciana;Vivienda nueva;Índice;2022T2;145,800
Nacional;10 Comunitat Valenciana;Vivienda nueva;Índice;2022T1;143,889
Nacional;10 Comunitat Valenciana;Vivienda nueva;Índice;2021T4;140,864
Nacional;10 Comunitat Valenciana;Vivienda nueva;Índice;2021T3;137,469
Nacional;10 Comunitat Valenciana;Vivienda nueva;Índice;2021T2;134,089
Nacional;10 Comunitat Valenciana;Vivienda nueva;Índice;2021T1;130,655
Nacional;10 Comunitat Valenciana;Vivienda nueva;Índice;2020T4;131,530
Nacional;10 Comunitat Valenciana;Vivienda nueva;Índice;2020T3;134,354
Nacional;10 Comunitat Valenciana;Vivienda nueva;Índice;2020T2;127,336
Nacional;10 Comunitat Valenciana;Vivienda nueva;Índice;2020T1;129,074
Nacional;10 Comunitat Valenciana;Vivienda nueva;Índice;2019T4;125,446
Nacional;10 Comunitat Valenciana;Vivienda nueva;Índice;2019T3;123,232
Nacional;10 Comunitat Valenciana;Vivienda nueva;Índice;2019T2;124,946
Nacional;10 Comunitat Valenciana;Vivienda nueva;Índice;2019T1;122,114
Nacional;10 Comunitat Valenciana;Vivienda nueva;Índice;2018T4;121,225
Nacional;10 Comunitat Valenciana;Vivienda nueva;Índice;2018T3;115,720
Nacional;10 Comunitat Valenciana;Vivienda nueva;Índice;2018T2;113,611
Nacional;10 Comunitat Valenciana;Vivienda nueva;Índice;2018T1;113,056
Nacional;10 Comunitat Valenciana;Vivienda nueva;Índice;2017T4;111,364
Nacional;10 Comunitat Valenciana;Vivienda nueva;Índice;2017T3;110,470
Nacional;10 Comunitat Valenciana;Vivienda nueva;Índice;2017T2;108,482
Nacional;10 Comunitat Valenciana;Vivienda nueva;Índice;2017T1;107,861
Nacional;10 Comunitat Valenciana;Vivienda segunda mano;Índice;2022T4;128,880
Nacional;10 Comunitat Valenciana;Vivienda segunda mano;Índice;2022T3;129,863
Nacional;10 Comunitat Valenciana;Vivienda segunda mano;Índice;2022T2;128,532
Nacional;10 Comunitat Valenciana;Vivienda segunda mano;Índice;2022T1;125,564
Nacional;10 Comunitat Valenciana;Vivienda segunda mano;Índice;2021T4;123,114
Nacional;10 Comunitat Valenciana;Vivienda segunda mano;Índice;2021T3;121,468
Nacional;10 Comunitat Valenciana;Vivienda segunda mano;Índice;2021T2;119,151
Nacional;10 Comunitat Valenciana;Vivienda segunda mano;Índice;2021T1;115,527
Nacional;10 Comunitat Valenciana;Vivienda segunda mano;Índice;2020T4;115,384
Nacional;10 Comunitat Valenciana;Vivienda segunda mano;Índice;2020T3;115,169
Nacional;10 Comunitat Valenciana;Vivienda segunda mano;Índice;2020T2;114,370
Nacional;10 Comunitat Valenciana;Vivienda segunda mano;Índice;2020T1;114,122
Nacional;10 Comunitat Valenciana;Vivienda segunda mano;Índice;2019T4;114,114
Nacional;10 Comunitat Valenciana;Vivienda segunda mano;Índice;2019T3;114,166
Nacional;10 Comunitat Valenciana;Vivienda segunda mano;Índice;2019T2;112,636
Nacional;10 Comunitat Valenciana;Vivienda segunda mano;Índice;2019T1;110,665
Nacional;10 Comunitat Valenciana;Vivienda segunda mano;Índice;2018T4;109,919
Nacional;10 Comunitat Valenciana;Vivienda segunda mano;Índice;2018T3;109,939
Nacional;10 Comunitat Valenciana;Vivienda segunda mano;Índice;2018T2;108,386
Nacional;10 Comunitat Valenciana;Vivienda segunda mano;Índice;2018T1;106,866
Nacional;10 Comunitat Valenciana;Vivienda segunda mano;Índice;2017T4;106,294
Nacional;10 Comunitat Valenciana;Vivienda segunda mano;Índice;2017T3;105,049
Nacional;10 Comunitat Valenciana;Vivienda segunda mano;Índice;2017T2;104,285
Nacional;10 Comunitat Valenciana;Vivienda segunda mano;Índice;2017T1;103,541
Nacional;11 Extremadura;Vivienda nueva;Índice;2022T4;145,324
Nacional;11 Extremadura;Vivienda nueva;Índice;2022T3;143,983
Nacional;11 Extremadura;Vivienda nueva;Índice;2022T2;142,337
Nacional;11 Extremadura;Vivienda nueva;Índice;2022T1;143,475
Nacional;11 Extremadura;Vivienda nueva;Índice;2021T4;138,904
Nacional;11 Extremadura;Vivienda nueva;Índice;2021T3;135,487
Nacional;11 Extremadura;Vivienda nueva;Índice;2021T2;131,324
Nacional;11 Extremadura;Vivienda nueva;Índice;2021T1;129,120
Nacional;11 Extremadura;Vivienda nueva;Índice;2020T4;130,441
Nacional;11 Extremadura;Vivienda nueva;Índice;2020T3;131,605
Nacional;11 Extremadura;Vivienda nueva;Índice;2020T2;127,887
Nacional;11 Extremadura;Vivienda nueva;Índice;2020T1;133,244
Nacional;11 Extremadura;Vivienda nueva;Índice;2019T4;133,578
Nacional;11 Extremadura;Vivienda nueva;Índice;2019T3;131,955
Nacional;11 Extremadura;Vivienda nueva;Índice;2019T2;126,803
Nacional;11 Extremadura;Vivienda nueva;Índice;2019T1;130,021
Nacional;11 Extremadura;Vivienda nueva;Índice;2018T4;121,633
Nacional;11 Extremadura;Vivienda nueva;Índice;2018T3;121,308
Nacional;11 Extremadura;Vivienda nueva;Índice;2018T2;117,468
Nacional;11 Extremadura;Vivienda nueva;Índice;2018T1;113,964
Nacional;11 Extremadura;Vivienda nueva;Índice;2017T4;107,803
Nacional;11 Extremadura;Vivienda nueva;Índice;2017T3;111,063
Nacional;11 Extremadura;Vivienda nueva;Índice;2017T2;109,938
Nacional;11 Extremadura;Vivienda nueva;Índice;2017T1;109,964
Nacional;11 Extremadura;Vivienda segunda mano;Índice;2022T4;112,648
Nacional;11 Extremadura;Vivienda segunda mano;Índice;2022T3;114,339
Nacional;11 Extremadura;Vivienda segunda mano;Índice;2022T2;112,811
Nacional;11 Extremadura;Vivienda segunda mano;Índice;2022T1;110,094
Nacional;11 Extremadura;Vivienda segunda mano;Índice;2021T4;109,692
Nacional;11 Extremadura;Vivienda segunda mano;Índice;2021T3;107,317
Nacional;11 Extremadura;Vivienda segunda mano;Índice;2021T2;107,325
Nacional;11 Extremadura;Vivienda segunda mano;Índice;2021T1;103,219
Nacional;11 Extremadura;Vivienda segunda mano;Índice;2020T4;104,693
Nacional;11 Extremadura;Vivienda segunda mano;Índice;2020T3;104,324
Nacional;11 Extremadura;Vivienda segunda mano;Índice;2020T2;105,663
Nacional;11 Extremadura;Vivienda segunda mano;Índice;2020T1;103,146
Nacional;11 Extremadura;Vivienda segunda mano;Índice;2019T4;103,989
Nacional;11 Extremadura;Vivienda segunda mano;Índice;2019T3;104,272
Nacional;11 Extremadura;Vivienda segunda mano;Índice;2019T2;104,183
Nacional;11 Extremadura;Vivienda segunda mano;Índice;2019T1;102,954
Nacional;11 Extremadura;Vivienda segunda mano;Índice;2018T4;102,225
Nacional;11 Extremadura;Vivienda segunda mano;Índice;2018T3;103,177
Nacional;11 Extremadura;Vivienda segunda mano;Índice;2018T2;102,783
Nacional;11 Extremadura;Vivienda segunda mano;Índice;2018T1;101,143
Nacional;11 Extremadura;Vivienda segunda mano;Índice;2017T4;100,061
Nacional;11 Extremadura;Vivienda segunda mano;Índice;2017T3;101,229
Nacional;11 Extremadura;Vivienda segunda mano;Índice;2017T2;100,766
Nacional;11 Extremadura;Vivienda segunda mano;Índice;2017T1;100,929
Nacional;12 Galicia;Vivienda nueva;Índice;2022T4;149,137
Nacional;12 Galicia;Vivienda nueva;Índice;2022T3;147,224
Nacional;12 Galicia;Vivienda nueva;Índice;2022T2;145,645
Nacional;12 Galicia;Vivienda nueva;Índice;2022T1;144,565
Nacional;12 Galicia;Vivienda nueva;Índice;2021T4;139,316
Nacional;12 Galicia;Vivienda nueva;Índice;2021T3;138,950
Nacional;12 Galicia;Vivienda nueva;Índice;2021T2;134,494
Nacional;12 Galicia;Vivienda nueva;Índice;2021T1;132,331
Nacional;12 Galicia;Vivienda nueva;Índice;2020T4;131,101
Nacional;12 Galicia;Vivienda nueva;Índice;2020T3;136,784
Nacional;12 Galicia;Vivienda nueva;Índice;2020T2;129,906
Nacional;12 Galicia;Vivienda nueva;Índice;2020T1;130,088
Nacional;12 Galicia;Vivienda nueva;Índice;2019T4;127,941
Nacional;12 Galicia;Vivienda nueva;Índice;2019T3;124,295
Nacional;12 Galicia;Vivienda nueva;Índice;2019T2;124,711
Nacional;12 Galicia;Vivienda nueva;Índice;2019T1;123,369
Nacional;12 Galicia;Vivienda nueva;Índice;2018T4;120,868
Nacional;12 Galicia;Vivienda nueva;Índice;2018T3;117,304
Nacional;12 Galicia;Vivienda nueva;Índice;2018T2;114,485
Nacional;12 Galicia;Vivienda nueva;Índice;2018T1;115,000
Nacional;12 Galicia;Vivienda nueva;Índice;2017T4;109,707
Nacional;12 Galicia;Vivienda nueva;Índice;2017T3;110,530
Nacional;12 Galicia;Vivienda nueva;Índice;2017T2;108,531
Nacional;12 Galicia;Vivienda nueva;Índice;2017T1;106,753
Nacional;12 Galicia;Vivienda segunda mano;Índice;2022T4;124,425
Nacional;12 Galicia;Vivienda segunda mano;Índice;2022T3;125,584
Nacional;12 Galicia;Vivienda segunda mano;Índice;2022T2;124,863
Nacional;12 Galicia;Vivienda segunda mano;Índice;2022T1;122,138
Nacional;12 Galicia;Vivienda segunda mano;Índice;2021T4;119,625
Nacional;12 Galicia;Vivienda segunda mano;Índice;2021T3;118,391
Nacional;12 Galicia;Vivienda segunda mano;Índice;2021T2;116,064
Nacional;12 Galicia;Vivienda segunda mano;Índice;2021T1;112,997
Nacional;12 Galicia;Vivienda segunda mano;Índice;2020T4;111,891
Nacional;12 Galicia;Vivienda segunda mano;Índice;2020T3;111,323
Nacional;12 Galicia;Vivienda segunda mano;Índice;2020T2;112,133
Nacional;12 Galicia;Vivienda segunda mano;Índice;2020T1;110,443
Nacional;12 Galicia;Vivienda segunda mano;Índice;2019T4;110,786
Nacional;12 Galicia;Vivienda segunda mano;Índice;2019T3;110,372
Nacional;12 Galicia;Vivienda segunda mano;Índice;2019T2;109,450
Nacional;12 Galicia;Vivienda segunda mano;Índice;2019T1;107,231
Nacional;12 Galicia;Vivienda segunda mano;Índice;2018T4;106,909
Nacional;12 Galicia;Vivienda segunda mano;Índice;2018T3;106,798
Nacional;12 Galicia;Vivienda segunda mano;Índice;2018T2;105,086
Nacional;12 Galicia;Vivienda segunda mano;Índice;2018T1;104,161
Nacional;12 Galicia;Vivienda segunda mano;Índice;2017T4;103,774
Nacional;12 Galicia;Vivienda segunda mano;Índice;2017T3;102,923
Nacional;12 Galicia;Vivienda segunda mano;Índice;2017T2;101,343
Nacional;12 Galicia;Vivienda segunda mano;Índice;2017T1;101,706
Nacional;13 Madrid, Comunidad de;Vivienda nueva;Índice;2022T4;164,810
Nacional;13 Madrid, Comunidad de;Vivienda nueva;Índice;2022T3;163,639
Nacional;13 Madrid, Comunidad de;Vivienda nueva;Índice;2022T2;162,622
Nacional;13 Madrid, Comunidad de;Vivienda nueva;Índice;2022T1;164,036
Nacional;13 Madrid, Comunidad de;Vivienda nueva;Índice;2021T4;158,308
Nacional;13 Madrid, Comunidad de;Vivienda nueva;Índice;2021T3;153,498
Nacional;13 Madrid, Comunidad de;Vivienda nueva;Índice;2021T2;149,290
Nacional;13 Madrid, Comunidad de;Vivienda nueva;Índice;2021T1;148,812
Nacional;13 Madrid, Comunidad de;Vivienda nueva;Índice;2020T4;148,875
Nacional;13 Madrid, Comunidad de;Vivienda nueva;Índice;2020T3;144,433
Nacional;13 Madrid, Comunidad de;Vivienda nueva;Índice;2020T2;139,125
Nacional;13 Madrid, Comunidad de;Vivienda nueva;Índice;2020T1;146,837
Nacional;13 Madrid, Comunidad de;Vivienda nueva;Índice;2019T4;135,334
Nacional;13 Madrid, Comunidad de;Vivienda nueva;Índice;2019T3;136,276
Nacional;13 Madrid, Comunidad de;Vivienda nueva;Índice;2019T2;135,043
Nacional;13 Madrid, Comunidad de;Vivienda nueva;Índice;2019T1;138,270
Nacional;13 Madrid, Comunidad de;Vivienda nueva;Índice;2018T4;128,818
Nacional;13 Madrid, Comunidad de;Vivienda nueva;Índice;2018T3;128,951
Nacional;13 Madrid, Comunidad de;Vivienda nueva;Índice;2018T2;126,865
Nacional;13 Madrid, Comunidad de;Vivienda nueva;Índice;2018T1;121,981
Nacional;13 Madrid, Comunidad de;Vivienda nueva;Índice;2017T4;120,128
Nacional;13 Madrid, Comunidad de;Vivienda nueva;Índice;2017T3;121,365
Nacional;13 Madrid, Comunidad de;Vivienda nueva;Índice;2017T2;119,706
Nacional;13 Madrid, Comunidad de;Vivienda nueva;Índice;2017T1;115,158
Nacional;13 Madrid, Comunidad de;Vivienda segunda mano;Índice;2022T4;155,783
Nacional;13 Madrid, Comunidad de;Vivienda segunda mano;Índice;2022T3;159,059
Nacional;13 Madrid, Comunidad de;Vivienda segunda mano;Índice;2022T2;154,725
Nacional;13 Madrid, Comunidad de;Vivienda segunda mano;Índice;2022T1;151,963
Nacional;13 Madrid, Comunidad de;Vivienda segunda mano;Índice;2021T4;148,062
Nacional;13 Madrid, Comunidad de;Vivienda segunda mano;Índice;2021T3;147,354
Nacional;13 Madrid, Comunidad de;Vivienda segunda mano;Índice;2021T2;144,902
Nacional;13 Madrid, Comunidad de;Vivienda segunda mano;Índice;2021T1;142,555
Nacional;13 Madrid, Comunidad de;Vivienda segunda mano;Índice;2020T4;140,735
Nacional;13 Madrid, Comunidad de;Vivienda segunda mano;Índice;2020T3;144,303
Nacional;13 Madrid, Comunidad de;Vivienda segunda mano;Índice;2020T2;143,730
Nacional;13 Madrid, Comunidad de;Vivienda segunda mano;Índice;2020T1;142,970
Nacional;13 Madrid, Comunidad de;Vivienda segunda mano;Índice;2019T4;141,340
Nacional;13 Madrid, Comunidad de;Vivienda segunda mano;Índice;2019T3;144,039
Nacional;13 Madrid, Comunidad de;Vivienda segunda mano;Índice;2019T2;141,796
Nacional;13 Madrid, Comunidad de;Vivienda segunda mano;Índice;2019T1;140,681
Nacional;13 Madrid, Comunidad de;Vivienda segunda mano;Índice;2018T4;137,875
Nacional;13 Madrid, Comunidad de;Vivienda segunda mano;Índice;2018T3;137,981
Nacional;13 Madrid, Comunidad de;Vivienda segunda mano;Índice;2018T2;133,216
Nacional;13 Madrid, Comunidad de;Vivienda segunda mano;Índice;2018T1;129,098
Nacional;13 Madrid, Comunidad de;Vivienda segunda mano;Índice;2017T4;125,310
Nacional;13 Madrid, Comunidad de;Vivienda segunda mano;Índice;2017T3;123,449
Nacional;13 Madrid, Comunidad de;Vivienda segunda mano;Índice;2017T2;120,125
Nacional;13 Madrid, Comunidad de;Vivienda segunda mano;Índice;2017T1;116,348
Nacional;14 Murcia, Región de;Vivienda nueva;Índice;2022T4;157,926
Nacional;14 Murcia, Región de;Vivienda nueva;Índice;2022T3;153,549
Nacional;14 Murcia, Región de;Vivienda nueva;Índice;2022T2;154,729
Nacional;14 Murcia, Región de;Vivienda nueva;Índice;2022T1;149,674
Nacional;14 Murcia, Región de;Vivienda nueva;Índice;2021T4;147,422
Nacional;14 Murcia, Región de;Vivienda nueva;Índice;2021T3;146,555
Nacional;14 Murcia, Región de;Vivienda nueva;Índice;2021T2;141,186
Nacional;14 Murcia, Región de;Vivienda nueva;Índice;2021T1;136,227
Nacional;14 Murcia, Región de;Vivienda nueva;Índice;2020T4;137,400
Nacional;14 Murcia, Región de;Vivienda nueva;Índice;2020T3;138,890
Nacional;14 Murcia, Región de;Vivienda nueva;Índice;2020T2;132,253
Nacional;14 Murcia, Región de;Vivienda nueva;Índice;2020T1;127,081
Nacional;14 Murcia, Región de;Vivienda nueva;Índice;2019T4;127,612
Nacional;14 Murcia, Región de;Vivienda nueva;Índice;2019T3;126,011
Nacional;14 Murcia, Región de;Vivienda nueva;Índice;2019T2;125,967
Nacional;14 Murcia, Región de;Vivienda nueva;Índice;2019T1;121,474
Nacional;14 Murcia, Región de;Vivienda nueva;Índice;2018T4;116,677
Nacional;14 Murcia, Región de;Vivienda nueva;Índice;2018T3;118,974
Nacional;14 Murcia, Región de;Vivienda nueva;Índice;2018T2;113,399
Nacional;14 Murcia, Región de;Vivienda nueva;Índice;2018T1;111,502
Nacional;14 Murcia, Región de;Vivienda nueva;Índice;2017T4;108,465
Nacional;14 Murcia, Región de;Vivienda nueva;Índice;2017T3;110,661
Nacional;14 Murcia, Región de;Vivienda nueva;Índice;2017T2;108,716
Nacional;14 Murcia, Región de;Vivienda nueva;Índice;2017T1;107,184
Nacional;14 Murcia, Región de;Vivienda segunda mano;Índice;2022T4;125,728
Nacional;14 Murcia, Región de;Vivienda segunda mano;Índice;2022T3;127,855
Nacional;14 Murcia, Región de;Vivienda segunda mano;Índice;2022T2;126,896
Nacional;14 Murcia, Región de;Vivienda segunda mano;Índice;2022T1;124,154
Nacional;14 Murcia, Región de;Vivienda segunda mano;Índice;2021T4;120,332
Nacional;14 Murcia, Región de;Vivienda segunda mano;Índice;2021T3;119,062
Nacional;14 Murcia, Región de;Vivienda segunda mano;Índice;2021T2;116,090
Nacional;14 Murcia, Región de;Vivienda segunda mano;Índice;2021T1;113,455
Nacional;14 Murcia, Región de;Vivienda segunda mano;Índice;2020T4;112,959
Nacional;14 Murcia, Región de;Vivienda segunda mano;Índice;2020T3;111,904
Nacional;14 Murcia, Región de;Vivienda segunda mano;Índice;2020T2;111,587
Nacional;14 Murcia, Región de;Vivienda segunda mano;Índice;2020T1;110,182
Nacional;14 Murcia, Región de;Vivienda segunda mano;Índice;2019T4;110,303
Nacional;14 Murcia, Región de;Vivienda segunda mano;Índice;2019T3;109,634
Nacional;14 Murcia, Región de;Vivienda segunda mano;Índice;2019T2;108,773
Nacional;14 Murcia, Región de;Vivienda segunda mano;Índice;2019T1;106,806
Nacional;14 Murcia, Región de;Vivienda segunda mano;Índice;2018T4;106,076
Nacional;14 Murcia, Región de;Vivienda segunda mano;Índice;2018T3;106,032
Nacional;14 Murcia, Región de;Vivienda segunda mano;Índice;2018T2;103,829
Nacional;14 Murcia, Región de;Vivienda segunda mano;Índice;2018T1;102,866
Nacional;14 Murcia, Región de;Vivienda segunda mano;Índice;2017T4;101,996
Nacional;14 Murcia, Región de;Vivienda segunda mano;Índice;2017T3;102,602
Nacional;14 Murcia, Región de;Vivienda segunda mano;Índice;2017T2;101,433
Nacional;14 Murcia, Región de;Vivienda segunda mano;Índice;2017T1;100,333
Nacional;15 Navarra, Comunidad Foral de;Vivienda nueva;Índice;2022T4;136,246
Nacional;15 Navarra, Comunidad Foral de;Vivienda nueva;Índice;2022T3;133,551
Nacional;15 Navarra, Comunidad Foral de;Vivienda nueva;Índice;2022T2;129,768
Nacional;15 Navarra, Comunidad Foral de;Vivienda nueva;Índice;2022T1;131,178
Nacional;15 Navarra, Comunidad Foral de;Vivienda nueva;Índice;2021T4;125,628
Nacional;15 Navarra, Comunidad Foral de;Vivienda nueva;Índice;2021T3;125,160
Nacional;15 Navarra, Comunidad Foral de;Vivienda nueva;Índice;2021T2;123,094
Nacional;15 Navarra, Comunidad Foral de;Vivienda nueva;Índice;2021T1;122,586
Nacional;15 Navarra, Comunidad Foral de;Vivienda nueva;Índice;2020T4;122,451
Nacional;15 Navarra, Comunidad Foral de;Vivienda nueva;Índice;2020T3;127,251
Nacional;15 Navarra, Comunidad Foral de;Vivienda nueva;Índice;2020T2;120,556
Nacional;15 Navarra, Comunidad Foral de;Vivienda nueva;Índice;2020T1;124,899
Nacional;15 Navarra, Comunidad Foral de;Vivienda nueva;Índice;2019T4;117,597
Nacional;15 Navarra, Comunidad Foral de;Vivienda nueva;Índice;2019T3;117,895
Nacional;15 Navarra, Comunidad Foral de;Vivienda nueva;Índice;2019T2;117,866
Nacional;15 Navarra, Comunidad Foral de;Vivienda nueva;Índice;2019T1;118,679
Nacional;15 Navarra, Comunidad Foral de;Vivienda nueva;Índice;2018T4;114,826
Nacional;15 Navarra, Comunidad Foral de;Vivienda nueva;Índice;2018T3;112,204
Nacional;15 Navarra, Comunidad Foral de;Vivienda nueva;Índice;2018T2;109,813
Nacional;15 Navarra, Comunidad Foral de;Vivienda nueva;Índice;2018T1;108,248
Nacional;15 Navarra, Comunidad Foral de;Vivienda nueva;Índice;2017T4;105,883
Nacional;15 Navarra, Comunidad Foral de;Vivienda nueva;Índice;2017T3;107,144
Nacional;15 Navarra, Comunidad Foral de;Vivienda nueva;Índice;2017T2;106,961
Nacional;15 Navarra, Comunidad Foral de;Vivienda nueva;Índice;2017T1;105,438
Nacional;15 Navarra, Comunidad Foral de;Vivienda segunda mano;Índice;2022T4;123,500
Nacional;15 Navarra, Comunidad Foral de;Vivienda segunda mano;Índice;2022T3;123,375
Nacional;15 Navarra, Comunidad Foral de;Vivienda segunda mano;Índice;2022T2;122,794
Nacional;15 Navarra, Comunidad Foral de;Vivienda segunda mano;Índice;2022T1;120,038
Nacional;15 Navarra, Comunidad Foral de;Vivienda segunda mano;Índice;2021T4;115,790
Nacional;15 Navarra, Comunidad Foral de;Vivienda segunda mano;Índice;2021T3;115,483
Nacional;15 Navarra, Comunidad Foral de;Vivienda segunda mano;Índice;2021T2;113,601
Nacional;15 Navarra, Comunidad Foral de;Vivienda segunda mano;Índice;2021T1;111,044
Nacional;15 Navarra, Comunidad Foral de;Vivienda segunda mano;Índice;2020T4;108,786
Nacional;15 Navarra, Comunidad Foral de;Vivienda segunda mano;Índice;2020T3;109,212
Nacional;15 Navarra, Comunidad Foral de;Vivienda segunda mano;Índice;2020T2;110,597
Nacional;15 Navarra, Comunidad Foral de;Vivienda segunda mano;Índice;2020T1;109,681
Nacional;15 Navarra, Comunidad Foral de;Vivienda segunda mano;Índice;2019T4;110,001
Nacional;15 Navarra, Comunidad Foral de;Vivienda segunda mano;Índice;2019T3;110,558
Nacional;15 Navarra, Comunidad Foral de;Vivienda segunda mano;Índice;2019T2;109,818
Nacional;15 Navarra, Comunidad Foral de;Vivienda segunda mano;Índice;2019T1;107,222
Nacional;15 Navarra, Comunidad Foral de;Vivienda segunda mano;Índice;2018T4;106,138
Nacional;15 Navarra, Comunidad Foral de;Vivienda segunda mano;Índice;2018T3;107,916
Nacional;15 Navarra, Comunidad Foral de;Vivienda segunda mano;Índice;2018T2;106,928
Nacional;15 Navarra, Comunidad Foral de;Vivienda segunda mano;Índice;2018T1;104,104
Nacional;15 Navarra, Comunidad Foral de;Vivienda segunda mano;Índice;2017T4;103,637
Nacional;15 Navarra, Comunidad Foral de;Vivienda segunda mano;Índice;2017T3;103,775
Nacional;15 Navarra, Comunidad Foral de;Vivienda segunda mano;Índice;2017T2;103,270
Nacional;15 Navarra, Comunidad Foral de;Vivienda segunda mano;Índice;2017T1;102,253
Nacional;16 País Vasco;Vivienda nueva;Índice;2022T4;151,535
Nacional;16 País Vasco;Vivienda nueva;Índice;2022T3;150,103
Nacional;16 País Vasco;Vivienda nueva;Índice;2022T2;149,260
Nacional;16 País Vasco;Vivienda nueva;Índice;2022T1;149,883
Nacional;16 País Vasco;Vivienda nueva;Índice;2021T4;144,694
Nacional;16 País Vasco;Vivienda nueva;Índice;2021T3;139,934
Nacional;16 País Vasco;Vivienda nueva;Índice;2021T2;139,000
Nacional;16 País Vasco;Vivienda nueva;Índice;2021T1;139,404
Nacional;16 País Vasco;Vivienda nueva;Índice;2020T4;140,454
Nacional;16 País Vasco;Vivienda nueva;Índice;2020T3;139,255
Nacional;16 País Vasco;Vivienda nueva;Índice;2020T2;129,648
Nacional;16 País Vasco;Vivienda nueva;Índice;2020T1;136,998
Nacional;16 País Vasco;Vivienda nueva;Índice;2019T4;126,769
Nacional;16 País Vasco;Vivienda nueva;Índice;2019T3;130,992
Nacional;16 País Vasco;Vivienda nueva;Índice;2019T2;125,462
Nacional;16 País Vasco;Vivienda nueva;Índice;2019T1;127,773
Nacional;16 País Vasco;Vivienda nueva;Índice;2018T4;120,492
Nacional;16 País Vasco;Vivienda nueva;Índice;2018T3;120,734
Nacional;16 País Vasco;Vivienda nueva;Índice;2018T2;118,979
Nacional;16 País Vasco;Vivienda nueva;Índice;2018T1;116,757
Nacional;16 País Vasco;Vivienda nueva;Índice;2017T4;111,397
Nacional;16 País Vasco;Vivienda nueva;Índice;2017T3;114,731
Nacional;16 País Vasco;Vivienda nueva;Índice;2017T2;112,069
Nacional;16 País Vasco;Vivienda nueva;Índice;2017T1;107,439
Nacional;16 País Vasco;Vivienda segunda mano;Índice;2022T4;128,065
Nacional;16 País Vasco;Vivienda segunda mano;Índice;2022T3;130,939
Nacional;16 País Vasco;Vivienda segunda mano;Índice;2022T2;127,613
Nacional;16 País Vasco;Vivienda segunda mano;Índice;2022T1;125,042
Nacional;16 País Vasco;Vivienda segunda mano;Índice;2021T4;122,002
Nacional;16 País Vasco;Vivienda segunda mano;Índice;2021T3;121,346
Nacional;16 País Vasco;Vivienda segunda mano;Índice;2021T2;120,122
Nacional;16 País Vasco;Vivienda segunda mano;Índice;2021T1;118,065
Nacional;16 País Vasco;Vivienda segunda mano;Índice;2020T4;116,670
Nacional;16 País Vasco;Vivienda segunda mano;Índice;2020T3;119,326
Nacional;16 País Vasco;Vivienda segunda mano;Índice;2020T2;118,190
Nacional;16 País Vasco;Vivienda segunda mano;Índice;2020T1;118,196
Nacional;16 País Vasco;Vivienda segunda mano;Índice;2019T4;116,380
Nacional;16 País Vasco;Vivienda segunda mano;Índice;2019T3;118,366
Nacional;16 País Vasco;Vivienda segunda mano;Índice;2019T2;116,701
Nacional;16 País Vasco;Vivienda segunda mano;Índice;2019T1;115,332
Nacional;16 País Vasco;Vivienda segunda mano;Índice;2018T4;113,512
Nacional;16 País Vasco;Vivienda segunda mano;Índice;2018T3;113,654
Nacional;16 País Vasco;Vivienda segunda mano;Índice;2018T2;112,711
Nacional;16 País Vasco;Vivienda segunda mano;Índice;2018T1;109,733
Nacional;16 País Vasco;Vivienda segunda mano;Índice;2017T4;108,794
Nacional;16 País Vasco;Vivienda segunda mano;Índice;2017T3;108,473
Nacional;16 País Vasco;Vivienda segunda mano;Índice;2017T2;106,596
Nacional;16 País Vasco;Vivienda segunda mano;Índice;2017T1;103,964
Nacional;17 Rioja, La;Vivienda nueva;Índice;2022T4;154,610
Nacional;17 Rioja, La;Vivienda nueva;Índice;2022T3;150,635
Nacional;17 Rioja, La;Vivienda nueva;Índice;2022T2;149,225
Nacional;17 Rioja, La;Vivienda nueva;Índice;2022T1;146,318
Nacional;17 Rioja, La;Vivienda nueva;Índice;2021T4;143,488
Nacional;17 Rioja, La;Vivienda nueva;Índice;2021T3;143,038
Nacional;17 Rioja, La;Vivienda nueva;Índice;2021T2;138,788
Nacional;17 Rioja, La;Vivienda nueva;Índice;2021T1;135,655
Nacional;17 Rioja, La;Vivienda nueva;Índice;2020T4;135,827
Nacional;17 Rioja, La;Vivienda nueva;Índice;2020T3;135,987
Nacional;17 Rioja, La;Vivienda nueva;Índice;2020T2;132,048
Nacional;17 Rioja, La;Vivienda nueva;Índice;2020T1;127,911
Nacional;17 Rioja, La;Vivienda nueva;Índice;2019T4;127,755
Nacional;17 Rioja, La;Vivienda nueva;Índice;2019T3;125,486
Nacional;17 Rioja, La;Vivienda nueva;Índice;2019T2;126,489
Nacional;17 Rioja, La;Vivienda nueva;Índice;2019T1;122,909
Nacional;17 Rioja, La;Vivienda nueva;Índice;2018T4;116,802
Nacional;17 Rioja, La;Vivienda nueva;Índice;2018T3;118,267
Nacional;17 Rioja, La;Vivienda nueva;Índice;2018T2;115,636
Nacional;17 Rioja, La;Vivienda nueva;Índice;2018T1;113,963
Nacional;17 Rioja, La;Vivienda nueva;Índice;2017T4;108,714
Nacional;17 Rioja, La;Vivienda nueva;Índice;2017T3;108,697
Nacional;17 Rioja, La;Vivienda nueva;Índice;2017T2;108,294
Nacional;17 Rioja, La;Vivienda nueva;Índice;2017T1;107,029
Nacional;17 Rioja, La;Vivienda segunda mano;Índice;2022T4;127,504
Nacional;17 Rioja, La;Vivienda segunda mano;Índice;2022T3;130,705
Nacional;17 Rioja, La;Vivienda segunda mano;Índice;2022T2;127,704
Nacional;17 Rioja, La;Vivienda segunda mano;Índice;2022T1;124,925
Nacional;17 Rioja, La;Vivienda segunda mano;Índice;2021T4;121,270
Nacional;17 Rioja, La;Vivienda segunda mano;Índice;2021T3;120,617
Nacional;17 Rioja, La;Vivienda segunda mano;Índice;2021T2;118,341
Nacional;17 Rioja, La;Vivienda segunda mano;Índice;2021T1;116,443
Nacional;17 Rioja, La;Vivienda segunda mano;Índice;2020T4;115,239
Nacional;17 Rioja, La;Vivienda segunda mano;Índice;2020T3;114,734
Nacional;17 Rioja, La;Vivienda segunda mano;Índice;2020T2;116,008
Nacional;17 Rioja, La;Vivienda segunda mano;Índice;2020T1;115,313
Nacional;17 Rioja, La;Vivienda segunda mano;Índice;2019T4;114,693
Nacional;17 Rioja, La;Vivienda segunda mano;Índice;2019T3;114,193
Nacional;17 Rioja, La;Vivienda segunda mano;Índice;2019T2;113,791
Nacional;17 Rioja, La;Vivienda segunda mano;Índice;2019T1;111,841
Nacional;17 Rioja, La;Vivienda segunda mano;Índice;2018T4;110,033
Nacional;17 Rioja, La;Vivienda segunda mano;Índice;2018T3;109,536
Nacional;17 Rioja, La;Vivienda segunda mano;Índice;2018T2;107,430
Nacional;17 Rioja, La;Vivienda segunda mano;Índice;2018T1;105,411
Nacional;17 Rioja, La;Vivienda segunda mano;Índice;2017T4;104,506
Nacional;17 Rioja, La;Vivienda segunda mano;Índice;2017T3;102,842
Nacional;17 Rioja, La;Vivienda segunda mano;Índice;2017T2;103,197
Nacional;17 Rioja, La;Vivienda segunda mano;Índice;2017T1;102,418
Nacional;18 Ceuta;Vivienda nueva;Índice;2022T4;""
Nacional;18 Ceuta;Vivienda nueva;Índice;2022T3;""
Nacional;18 Ceuta;Vivienda nueva;Índice;2022T2;""
Nacional;18 Ceuta;Vivienda nueva;Índice;2022T1;""
Nacional;18 Ceuta;Vivienda nueva;Índice;2021T4;""
Nacional;18 Ceuta;Vivienda nueva;Índice;2021T3;""
Nacional;18 Ceuta;Vivienda nueva;Índice;2021T2;""
Nacional;18 Ceuta;Vivienda nueva;Índice;2021T1;""
Nacional;18 Ceuta;Vivienda nueva;Índice;2020T4;""
Nacional;18 Ceuta;Vivienda nueva;Índice;2020T3;""
Nacional;18 Ceuta;Vivienda nueva;Índice;2020T2;""
Nacional;18 Ceuta;Vivienda nueva;Índice;2020T1;""
Nacional;18 Ceuta;Vivienda nueva;Índice;2019T4;""
Nacional;18 Ceuta;Vivienda nueva;Índice;2019T3;""
Nacional;18 Ceuta;Vivienda nueva;Índice;2019T2;""
Nacional;18 Ceuta;Vivienda nueva;Índice;2019T1;""
Nacional;18 Ceuta;Vivienda nueva;Índice;2018T4;""
Nacional;18 Ceuta;Vivienda nueva;Índice;2018T3;""
Nacional;18 Ceuta;Vivienda nueva;Índice;2018T2;""
Nacional;18 Ceuta;Vivienda nueva;Índice;2018T1;""
Nacional;18 Ceuta;Vivienda nueva;Índice;2017T4;""
Nacional;18 Ceuta;Vivienda nueva;Índice;2017T3;""
Nacional;18 Ceuta;Vivienda nueva;Índice;2017T2;""
Nacional;18 Ceuta;Vivienda nueva;Índice;2017T1;""
Nacional;18 Ceuta;Vivienda segunda mano;Índice;2022T4;""
Nacional;18 Ceuta;Vivienda segunda mano;Índice;2022T3;""
Nacional;18 Ceuta;Vivienda segunda mano;Índice;2022T2;""
Nacional;18 Ceuta;Vivienda segunda mano;Índice;2022T1;""
Nacional;18 Ceuta;Vivienda segunda mano;Índice;2021T4;""
Nacional;18 Ceuta;Vivienda segunda mano;Índice;2021T3;""
Nacional;18 Ceuta;Vivienda segunda mano;Índice;2021T2;""
Nacional;18 Ceuta;Vivienda segunda mano;Índice;2021T1;""
Nacional;18 Ceuta;Vivienda segunda mano;Índice;2020T4;""
Nacional;18 Ceuta;Vivienda segunda mano;Índice;2020T3;""
Nacional;18 Ceuta;Vivienda segunda mano;Índice;2020T2;""
Nacional;18 Ceuta;Vivienda segunda mano;Índice;2020T1;""
Nacional;18 Ceuta;Vivienda segunda mano;Índice;2019T4;""
Nacional;18 Ceuta;Vivienda segunda mano;Índice;2019T3;""
Nacional;18 Ceuta;Vivienda segunda mano;Índice;2019T2;""
Nacional;18 Ceuta;Vivienda segunda mano;Índice;2019T1;""
Nacional;18 Ceuta;Vivienda segunda mano;Índice;2018T4;""
Nacional;18 Ceuta;Vivienda segunda mano;Índice;2018T3;""
Nacional;18 Ceuta;Vivienda segunda mano;Índice;2018T2;""
Nacional;18 Ceuta;Vivienda segunda mano;Índice;2018T1;""
Nacional;18 Ceuta;Vivienda segunda mano;Índice;2017T4;""
Nacional;18 Ceuta;Vivienda segunda mano;Índice;2017T3;""
Nacional;18 Ceuta;Vivienda segunda mano;Índice;2017T2;""
Nacional;18 Ceuta;Vivienda segunda mano;Índice;2017T1;""
Nacional;19 Melilla;Vivienda nueva;Índice;2022T4;""
Nacional;19 Melilla;Vivienda nueva;Índice;2022T3;""
Nacional;19 Melilla;Vivienda nueva;Índice;2022T2;""
Nacional;19 Melilla;Vivienda nueva;Índice;2022T1;""
Nacional;19 Melilla;Vivienda nueva;Índice;2021T4;""
Nacional;19 Melilla;Vivienda nueva;Índice;2021T3;""
Nacional;19 Melilla;Vivienda nueva;Índice;2021T2;""
Nacional;19 Melilla;Vivienda nueva;Índice;2021T1;""
Nacional;19 Melilla;Vivienda nueva;Índice;2020T4;""
Nacional;19 Melilla;Vivienda nueva;Índice;2020T3;""
Nacional;19 Melilla;Vivienda nueva;Índice;2020T2;""
Nacional;19 Melilla;Vivienda nueva;Índice;2020T1;""
Nacional;19 Melilla;Vivienda nueva;Índice;2019T4;""
Nacional;19 Melilla;Vivienda nueva;Índice;2019T3;""
Nacional;19 Melilla;Vivienda nueva;Índice;2019T2;""
Nacional;19 Melilla;Vivienda nueva;Índice;2019T1;""
Nacional;19 Melilla;Vivienda nueva;Índice;2018T4;""
Nacional;19 Melilla;Vivienda nueva;Índice;2018T3;""
Nacional;19 Melilla;Vivienda nueva;Índice;2018T2;""
Nacional;19 Melilla;Vivienda nueva;Índice;2018T1;""
Nacional;19 Melilla;Vivienda nueva;Índice;2017T4;""
Nacional;19 Melilla;Vivienda nueva;Índice;2017T3;""
Nacional;19 Melilla;Vivienda nueva;Índice;2017T2;""
Nacional;19 Melilla;Vivienda nueva;Índice;2017T1;""
Nacional;19 Melilla;Vivienda segunda mano;Índice;2022T4;""
Nacional;19 Melilla;Vivienda segunda mano;Índice;2022T3;""
Nacional;19 Melilla;Vivienda segunda mano;Índice;2022T2;""
Nacional;19 Melilla;Vivienda segunda mano;Índice;2022T1;""
Nacional;19 Melilla;Vivienda segunda mano;Índice;2021T4;""
Nacional;19 Melilla;Vivienda segunda mano;Índice;2021T3;""
Nacional;19 Melilla;Vivienda segunda mano;Índice;2021T2;""
Nacional;19 Melilla;Vivienda segunda mano;Índice;2021T1;""
Nacional;19 Melilla;Vivienda segunda mano;Índice;2020T4;""
Nacional;19 Melilla;Vivienda segunda mano;Índice;2020T3;""
Nacional;19 Melilla;Vivienda segunda mano;Índice;2020T2;""
Nacional;19 Melilla;Vivienda segunda mano;Índice;2020T1;""
Nacional;19 Melilla;Vivienda segunda mano;Índice;2019T4;""
Nacional;19 Melilla;Vivienda segunda mano;Índice;2019T3;""
Nacional;19 Melilla;Vivienda segunda mano;Índice;2019T2;""
Nacional;19 Melilla;Vivienda segunda mano;Índice;2019T1;""
Nacional;19 Melilla;Vivienda segunda mano;Índice;2018T4;""
Nacional;19 Melilla;Vivienda segunda mano;Índice;2018T3;""
Nacional;19 Melilla;Vivienda segunda mano;Índice;2018T2;""
Nacional;19 Melilla;Vivienda segunda mano;Índice;2018T1;""
Nacional;19 Melilla;Vivienda segunda mano;Índice;2017T4;""
Nacional;19 Melilla;Vivienda segunda mano;Índice;2017T3;""
Nacional;19 Melilla;Vivienda segunda mano;Índice;2017T2;""
Nacional;19 Melilla;Vivienda segunda mano;Índice;2017T1;""
